Temperature (K),Luminosity (L/L0),Radius (R/R0),Absolute Magnitude,Star Type,Star Color,Spectral Class,Star Color Strings
7740,0.00049,0.01234,14.02,2,4,A,White
8500,0.0005,0.01,14.5,2,4,A,White
8570,0.00081,0.0097,14.2,2,5,A,Blue white
8052,8.7,1.8,2.42,3,6,A,Whitish
8930,0.00056,0.0095,13.78,2,4,A,white
9675,0.00045,0.0109,13.98,2,5,A,Blue White
9030,45,2.63,1.45,3,5,A,Blue White
11250,672,6.98,-2.3,3,5,A,Blue White
12098,689,7.01,0.02,3,5,A,Blue White
8924,0.00028,0.00879,14.87,2,5,A,Blue White
7723,0.00014,0.00878,14.81,2,4,A,White
8945,38,2.487,0.12,3,5,A,Blue White
14060,1092,5.745,-2.04,3,5,A,Blue White
13023,998,6.21,-1.38,3,5,A,Blue White
10012,552,5.856,0.013,3,5,A,Blue White
13089,788,5.992,-0.12,3,5,A,Blue White
9320,29,1.91,1.236,3,5,A,Blue White
8829,537493,1423,-10.73,5,4,A,White
9235,404940,1112,-11.23,5,4,A,White
25000,0.056,0.0084,10.58,2,5,B,Blue White
16500,0.013,0.014,11.89,2,5,B,Blue White
30000,28840,6.3,-4.2,3,5,B,Blue White
15276,1136,7.2,-1.97,3,5,B,Blue White
9700,74,2.89,0.16,3,6,B,Whitish
33750,220000,26,-6.1,4,7,B,Blue
17200,0.00098,0.015,12.45,2,5,B,Blue White
14100,0.00067,0.0089,12.17,2,5,B,Blue White
12010,0.00078,0.0092,12.13,2,5,B,Blue White
10980,0.00074,0.0087,11.19,2,5,B,Blue White
19860,0.0011,0.0131,11.34,2,7,B,Blue
33300,240000,12,-6.5,4,7,B,Blue
13420,0.00059,0.00981,13.67,2,5,B,Blue White
21020,0.0015,0.0112,11.52,2,7,B,Blue
18290,0.0013,0.00934,12.78,2,7,B,Blue
14520,0.00082,0.00972,11.92,2,5,B,Blue White
11900,0.00067,0.00898,11.38,2,5,B,Blue White
12912,0.00071,0.00945,12.83,2,5,B,Blue white
12984,0.00088,0.00996,11.23,2,5,B,Blue White
29560,188000,6.02,-4.01,3,5,B,Blue White
16390,1278,5.68,-3.32,3,5,B,Blue White
25070,14500,5.92,-3.98,3,5,B,Blue White
28700,16790,6.4,-4.09,3,5,B,Blue White
26140,14520,5.49,-3.8,3,5,B,Blue White
20120,4720,6.78,-3.4,3,5,B,Blue White
26000,316000,1679,-9.1,5,7,B,Blue
11000,170000,1779,-9.9,5,5,B,Blue White
12100,120000,708.9,-7.84,5,5,B,Blue White
24490,248490,1134.5,-8.24,5,5,B,Blue White
16790,0.0014,0.0121,12.87,2,7,B,Blue
15680,0.00122,0.0114,11.92,2,7,B,Blue
14982,0.00118,0.0113,12.23,2,7,B,Blue
13340,0.00109,0.0116,12.9,2,7,B,Blue
18340,0.00134,0.0124,11.22,2,7,B,Blue
19920,0.00156,0.0142,11.34,2,7,B,Blue
24020,0.00159,0.0127,10.55,2,7,B,Blue
23092,0.00132,0.0104,10.18,2,7,B,Blue
17920,0.00111,0.0106,11.66,2,7,B,Blue
19360,0.00125,0.00998,11.62,2,7,B,Blue
22350,12450,6.36,-3.67,3,5,B,Blue White
22012,6748,6.64,-2.55,3,5,B,Blue White
19400,10920,6.03,-3.08,3,5,B,Blue White
17140,883,5.653,-2.64,3,5,B,Blue White
24145,382993,1494,-8.84,5,5,B,Blue White
27739,849420,1252,-7.59,5,5,B,Blue White
21904,748490,1130,-7.67,5,5,B,Blue White
7220,0.00017,0.011,14.23,2,4,F,White
12990,0.000085,0.00984,12.23,2,8,F,Yellowish White
7700,0.00011,0.0128,14.47,2,8,F,Yellowish White
11790,0.00015,0.011,12.59,2,8,F,Yellowish White
7230,0.00008,0.013,14.08,2,3,F,Pale yellow orange
5800,0.81,0.9,5.05,3,10,F,yellow-white
6757,1.43,1.12,2.41,3,10,F,yellow-white
6380,1.35,0.98,2.93,3,10,F,yellow-white
5936,1.357,1.106,4.46,3,10,F,yellow-white
5587,0.819,0.99,5.03,3,10,F,yellow-white
7100,0.00029,0.012,14.09,2,10,F,yellow-white
10574,0.00014,0.0092,12.02,2,4,F,White
13720,0.00018,0.00892,12.97,2,4,F,white
5300,0.59,0.91,5.49,3,10,F,yellow-white
7720,7.92,1.34,2.44,3,10,F,yellow-white
14732,0.00011,0.00892,12.89,2,4,F,white
8250,9.25,1.93,-0.98,3,10,F,yellow-white
6850,229000,1467,-10.07,5,1,G,Red
4526,0.153,0.865,6.506,3,11,K,yellowish
4077,0.085,0.795,6.228,3,11,K,yellowish
4980,0.357,1.13,4.78,3,11,K,Yellowish
5112,0.63,0.876,4.68,3,2,K,Orange-Red
4015,282000,1534,-11.39,5,1,K,Red
4287,630000,1315,-9.2,5,9,K,Orange
3068,0.0024,0.17,16.12,0,1,M,Red
3042,0.0005,0.1542,16.6,0,1,M,Red
2600,0.0003,0.102,18.7,0,1,M,Red
2800,0.0002,0.16,16.65,0,1,M,Red
1939,0.000138,0.103,20.06,0,1,M,Red
2840,0.00065,0.11,16.98,0,1,M,Red
2637,0.00073,0.127,17.22,0,1,M,Red
2600,0.0004,0.096,17.4,0,1,M,Red
2650,0.00069,0.11,17.45,0,1,M,Red
2700,0.00018,0.13,16.05,0,1,M,Red
3600,0.0029,0.51,10.69,1,1,M,Red
3129,0.0122,0.3761,11.79,1,1,M,Red
3134,0.0004,0.196,13.21,1,1,M,Red
3628,0.0055,0.393,10.48,1,1,M,Red
2650,0.0006,0.14,11.782,1,1,M,Red
3340,0.0038,0.24,13.07,1,1,M,Red
2799,0.0018,0.16,14.79,1,1,M,Red
3692,0.00367,0.47,10.8,1,1,M,Red
3192,0.00362,0.1967,13.53,1,1,M,Red
3441,0.039,0.351,11.18,1,1,M,Red
3826,200000,19,-6.93,4,1,M,Red
3365,340000,23,-6.2,4,1,M,Red
3270,150000,88,-6.02,4,1,M,Red
3200,195000,17,-7.22,4,1,M,Red
3008,280000,25,-6,4,1,M,Red
3600,320000,29,-6.6,4,1,M,Red
3575,123000,45,-6.78,4,1,M,Red
3574,200000,89,-5.24,4,1,M,Red
3625,184000,84,-6.74,4,1,M,Red
3490,270000,1520,-9.4,5,1,M,Red
3750,283000,1260,-7.63,5,1,M,Red
3834,272000,1183,-9.2,5,1,M,Red
3749,550000,1648,-8.05,5,9,M,Orange
3650,310000,1324,-7.79,5,1,M,Red
3450,263000,1349,-11.75,5,1,M,Red
3660,363000,1673,-11.92,5,1,M,Red
3450,174000,1284,-11.28,5,1,M,Red
3752,209000,955,-11.24,5,1,M,Red
3535,195000,1546,-11.36,5,1,M,Red
3341,0.0056,0.057,16.23,0,1,M,Red
3432,0.00067,0.19,16.94,0,1,M,Red
2983,0.00024,0.094,16.09,0,1,M,Red
2835,0.00034,0.0918,16.96,0,1,M,Red
2935,0.00014,0.116,18.89,0,1,M,Red
3295,0.00098,0.132,17.13,0,1,M,Red
2945,0.00032,0.093,18.34,0,1,M,Red
2817,0.00098,0.0911,16.45,0,1,M,Red
2774,0.00036,0.118,17.39,0,1,M,Red
2871,0.00072,0.12,19.43,0,1,M,Red
3345,0.021,0.273,12.3,1,1,M,Red
3607,0.022,0.38,10.12,1,1,M,Red
3304,0.0085,0.18,13.2,1,1,M,Red
3150,0.0088,0.35,11.94,1,1,M,Red
3550,0.004,0.291,10.89,1,1,M,Red
3180,0.001,0.35,11.76,1,1,M,Red
2890,0.0034,0.24,13.46,1,1,M,Red
3342,0.0015,0.307,11.87,1,1,M,Red
2621,0.0006,0.098,12.81,1,1,M,Red
3158,0.00135,0.161,13.98,1,1,M,Red
3459,100000,1289,-10.7,5,1,M,Red
3605,126000,1124,-10.81,5,1,M,Red
3615,200000,1635,-11.33,5,1,M,Red
3399,117000,1486,-10.92,5,1,M,Red
3610,132000,1522,-10.86,5,1,M,Red
3553,145000,1324,-11.03,5,1,M,Red
3625,74000,876,-10.25,5,1,M,Red
3780,200000,1324,-10.7,5,1,M,Red
3323,0.00043,0.0912,17.16,0,1,M,Red
3531,0.00093,0.0976,19.94,0,1,M,Red
3218,0.00054,0.11,20.02,0,1,M,Red
3146,0.00015,0.0932,16.92,0,1,M,Red
3511,0.00064,0.109,17.12,0,1,M,Red
3225,0.00076,0.121,19.63,0,1,M,Red
2935,0.00087,0.0932,16.88,0,1,M,Red
2861,0.00019,0.0899,16.71,0,1,M,Red
2856,0.000896,0.0782,19.56,0,1,M,Red
2731,0.000437,0.0856,18.09,0,1,M,Red
3095,0.00019,0.492,10.87,1,1,M,Red
3607,0.00023,0.38,10.34,1,1,M,Red
3100,0.008,0.31,11.17,1,1,M,Red
2989,0.0087,0.34,13.12,1,1,M,Red
3542,0.0009,0.62,14.23,1,1,M,Red
3243,0.0023,0.73,14.75,1,1,M,Red
3091,0.0081,0.24,11.43,1,1,M,Red
3598,0.0011,0.56,14.26,1,1,M,Red
3324,0.0034,0.34,12.23,1,1,M,Red
3541,0.0013,0.256,14.33,1,1,M,Red
3570,320000,1480,-7.58,5,1,M,Red
3500,138000,1420,-8.18,5,1,M,Red
3600,240000,1190,-7.89,5,1,M,Red
3614,145000,1553,-7.71,5,1,M,Red
2831,0.000231,0.0915,16.21,0,1,M,Red
2914,0.000631,0.116,18.39,0,1,M,Red
3419,0.000245,0.126,17.56,0,1,M,Red
3218,0.000452,0.0987,17.34,0,1,M,Red
3453,0.000621,0.0773,17.08,0,1,M,Red
2889,0.000352,0.0973,16.93,0,1,M,Red
2968,0.000461,0.119,17.45,0,1,M,Red
3484,0.000551,0.0998,16.67,0,1,M,Red
2778,0.000849,0.112,19.45,0,1,M,Red
3523,0.000957,0.129,16.35,0,1,M,Red
3462,0.0053,0.148,11.47,1,1,M,Red
3257,0.0024,0.46,10.73,1,1,M,Red
2994,0.0072,0.28,13.45,1,1,M,Red
3212,0.0016,0.378,12.854,1,1,M,Red
3523,0.0054,0.319,12.43,1,1,M,Red
3598,0.0027,0.67,13.667,1,1,M,Red
3142,0.00132,0.258,14.12,1,1,M,Red
3496,0.00125,0.336,14.94,1,1,M,Red
3324,0.0065,0.471,12.78,1,1,M,Red
3463,0.0027,0.675,14.776,1,1,M,Red
39000,204000,10.6,-4.7,3,7,O,Blue
36108,198000,10.2,-4.4,3,7,O,Blue
40000,813000,14,-6.23,4,7,O,Blue
23000,127000,36,-5.76,4,7,O,Blue
17120,235000,83,-6.89,4,7,O,Blue
11096,112000,12,-5.91,4,7,O,Blue
14245,231000,42,-6.12,4,7,O,Blue
24630,363000,63,-5.83,4,7,O,Blue
12893,184000,36,-6.34,4,7,O,Blue
24345,142000,57,-6.24,4,7,O,Blue
33421,352000,67,-5.79,4,7,O,Blue
37800,202900,6.86,-4.56,3,7,O,Blue
25390,223000,57,-5.92,4,7,O,Blue
11567,251000,36,-6.245,4,7,O,Blue
12675,452000,83,-5.62,4,7,O,Blue
5752,245000,97,-6.63,4,7,O,Blue
8927,239000,35,-7.34,4,7,O,Blue
7282,131000,24,-7.22,4,7,O,Blue
19923,152000,73,-5.69,4,7,O,Blue
26373,198000,39,-5.83,4,7,O,Blue
17383,342900,30,-6.09,4,7,O,Blue
9373,424520,24,-5.99,4,7,O,Blue
18000,200000,1045,-8.3,5,7,O,Blue
34190,198200,6.39,-4.57,3,7,O,Blue
32460,173800,6.237,-4.36,3,7,O,Blue
23678,244290,35,-6.27,4,7,O,Blue
12749,332520,76,-7.02,4,7,O,Blue
9383,342940,98,-6.98,4,7,O,Blue
23440,537430,81,-5.975,4,7,O,Blue
16787,246730,62,-6.35,4,7,O,Blue
18734,224780,46,-7.45,4,7,O,Blue
9892,593900,80,-7.262,4,7,O,Blue
10930,783930,25,-6.224,4,7,O,Blue
23095,347820,86,-5.905,4,7,O,Blue
21738,748890,92,-7.346,4,7,O,Blue
38234,272830,1356,-9.29,5,7,O,Blue
32489,648430,1948.5,-10.84,5,7,O,Blue
38940,374830,1356,-9.93,5,7,O,Blue
30839,834042,1194,-10.63,5,7,O,Blue
37882,294903,1783,-7.8,5,7,O,Blue
8611.798212,361340.5468,1192.839121,-6.056411163,2,5,A,Blue White
9371.44504,231934.2403,832.0582414,-6.138632981,2,6,A,Whitish
8273.147294,373237.2407,1349.159186,-2.699485178,3,5,A,Blue White
10444.09093,138019.9054,86.85241041,11.74681816,3,4,A,White
9353.401007,5245.206141,831.9482215,1.065758677,2,6,A,Whitish
9608.608469,286098.4248,405.7150826,-0.6863993863,3,6,A,Whitish
10415.32775,150171.2257,1177.864395,-6.552058465,2,4,A,White
8478.416403,508592.0839,271.7808083,14.0589424,5,5,A,Blue White
10860.2391,487206.9107,629.7250308,-0.5954052434,2,5,A,Blue White
12199.5026,211065.2109,559.8298994,10.81112105,5,4,A,White
9266.524463,13359.51434,1176.216295,4.829985035,2,4,A,White
12697.98911,360892.5781,963.190403,-1.400450863,3,6,A,Whitish
8192.505649,449973.3563,295.4260752,11.66444366,2,4,A,White
10219.03928,522174.2551,452.6690124,9.254648352,5,4,A,White
7744.508557,30601.02752,190.4206373,0.9053067945,3,5,A,Blue White
9121.429464,242045.8972,955.4945763,10.01479779,2,6,A,Whitish
7731.241704,313073.7099,812.5240671,12.21939198,5,6,A,Whitish
8921.831575,369063.0189,241.5858244,-0.0268740247,2,6,A,Whitish
8625.921455,386690.0685,210.1216545,-2.504002148,3,4,A,White
9421.797606,349392.3539,677.4660391,4.342489426,5,6,A,Whitish
8831.291018,390711.4828,1292.230546,12.31196011,5,6,A,Whitish
8601.618533,200940.5035,785.7489949,7.093934328,2,5,A,Blue White
11518.13811,312596.2987,46.88195817,-1.378421836,3,6,A,Whitish
13433.00395,62412.88791,76.6552514,7.952349654,3,4,A,White
13675.84958,30988.8157,1145.606686,13.67208273,2,5,A,Blue White
9124.645897,526616.9495,642.3112352,2.937422252,5,4,A,White
10781.68851,153090.7595,544.511005,2.866762225,2,6,A,Whitish
10105.78244,319794.5208,1123.664837,-3.110038406,2,6,A,Whitish
11042.19409,517154.819,518.3857969,-9.370777673,2,5,A,Blue White
9401.497625,99854.51625,757.5380635,-6.480309807,2,5,A,Blue White
8156.179706,103757.5499,1012.690024,-8.802989009,2,6,A,Whitish
10488.00469,183631.3148,1240.112214,0.8670693666,5,5,A,Blue White
8824.706698,501426.0887,467.7312115,-10.98642144,3,6,A,Whitish
7888.440744,209981.0663,925.1210221,12.6521763,3,4,A,White
13772.79622,146852.0681,1387.19206,5.545559391,2,6,A,Whitish
10451.69015,81670.49191,108.1096681,-11.19296258,2,5,A,Blue White
13816.39668,213443.2233,835.3319007,-10.43694439,3,6,A,Whitish
12554.42059,201410.703,588.9656324,-5.788927172,2,5,A,Blue White
7769.568465,70473.23735,439.9072006,0.6446163846,3,6,A,Whitish
12032.40486,233831.3407,375.4423046,-7.90835653,2,6,A,Whitish
12196.60993,49187.68691,1079.726513,-11.00429535,5,5,A,Blue White
11811.18112,330357.6876,1416.192383,7.74677759,3,4,A,White
11222.98748,5901.185391,265.4983069,-1.987560236,3,4,A,White
9105.155021,308123.4432,1111.571639,9.139639193,5,6,A,Whitish
12617.4847,424474.2706,278.6275879,0.1667383467,3,4,A,White
9168.015487,126507.9931,1412.126886,0.1640798199,3,6,A,Whitish
10073.16972,240807.4599,1141.61995,-9.945535993,2,5,A,Blue White
13368.81594,306026.0381,603.6796635,-9.93460737,5,4,A,White
13149.86046,33002.84555,1037.175665,-8.852285422,3,6,A,Whitish
10273.22141,266751.8021,709.1615524,4.274366521,5,5,A,Blue White
9738.287148,345239.9424,1151.194827,-4.93770616,3,6,A,Whitish
11579.92272,118928.7812,507.3178622,10.72973356,2,4,A,White
13490.90715,449911.9801,104.2335442,11.14325314,2,5,A,Blue White
13483.95522,521946.1394,840.984432,13.92027844,5,4,A,White
11471.93377,454919.5025,1295.198072,1.530284419,2,6,A,Whitish
9830.505008,271971.1656,275.7360059,-5.479906375,5,4,A,White
13128.86422,149893.689,615.2643512,-5.325954474,5,6,A,Whitish
10526.47545,401301.5304,1066.056497,2.780161698,3,4,A,White
13453.90067,127348.4231,55.76796046,8.66106341,3,4,A,White
7933.257896,514566.3875,1346.620932,-2.158497373,3,4,A,White
11096.98662,333385.4276,1086.709215,0.8081489201,3,5,A,Blue White
12263.44368,322636.7014,795.2055169,5.456350193,3,6,A,Whitish
8859.235784,92773.71152,261.6156758,12.71247067,2,5,A,Blue White
9855.609151,48560.73945,708.5855718,-7.012955821,2,5,A,Blue White
8912.536955,137201.6472,736.8985224,7.448084049,3,5,A,Blue White
9763.05256,461475.6506,1414.807855,3.848984669,2,5,A,Blue White
10282.23998,489692.1637,1216.455219,0.07910330516,3,4,A,White
11199.26464,376048.2525,1369.501136,11.84873663,2,6,A,Whitish
8031.856462,389780.4396,966.1358747,-0.9713491847,5,6,A,Whitish
11225.66353,123562.1583,574.1877135,-6.558748516,3,4,A,White
9464.479872,309624.7005,1330.475811,5.300006446,3,4,A,White
9253.396537,435706.9321,682.3110786,5.056414468,5,5,A,Blue White
9263.811002,217062.9837,329.8462083,-2.670724319,3,4,A,White
8699.908429,531279.187,563.9263242,9.727394747,3,4,A,White
13783.81048,48373.73319,1003.327837,14.85637211,2,6,A,Whitish
13652.28614,172503.5586,794.833382,14.37353,2,6,A,Whitish
12911.19339,274878.7248,1076.687624,-7.914335809,2,6,A,Whitish
12337.99533,32575.49792,1416.569586,-5.16853219,5,5,A,Blue White
8837.118922,390052.1791,1369.540218,-10.61319262,5,6,A,Whitish
10006.67088,299144.819,761.4045729,4.623991131,5,4,A,White
8919.362057,284527.2421,1371.587512,-8.337876714,2,4,A,White
7730.594241,446109.7474,164.5433909,-0.5953068444,2,4,A,White
9728.150459,461576.9695,73.21924955,11.84440465,2,6,A,Whitish
12156.47284,424097.5231,433.0946575,3.076265492,5,6,A,Whitish
11685.24208,170833.0416,825.6166645,-1.599019698,3,5,A,Blue White
11164.38501,243058.341,755.5665338,-5.792169849,2,6,A,Whitish
10505.17876,404317.2683,1282.419983,0.2786195173,3,4,A,White
9544.426594,59049.89793,769.207289,13.72671957,2,5,A,Blue White
10902.01376,58985.75505,614.7133965,-7.992923575,2,6,A,Whitish
12548.91818,145060.5802,772.2191385,1.056920717,2,5,A,Blue White
12554.37981,281988.9008,1013.768794,11.13499416,5,4,A,White
11373.46625,522793.1453,23.73675011,-10.09750869,5,4,A,White
12460.9394,381839.6955,1139.712163,6.82141629,3,6,A,Whitish
11813.75216,167622.5376,202.7982981,14.32152068,2,6,A,Whitish
8503.842088,156656.166,680.8737539,-3.836707849,2,6,A,Whitish
10919.36924,457061.1164,365.483234,-7.73832895,5,5,A,Blue White
9923.594939,490004.1089,525.2230126,6.655799763,3,4,A,White
8306.939879,343606.4543,941.6944414,12.50676391,5,6,A,Whitish
8659.922079,137259.7477,241.3606324,4.71368044,5,4,A,White
8978.801396,47657.26848,396.7159934,12.25955099,3,4,A,White
6288.68311,7.556443053,1.652926265,-0.2097016042,2,4,F,White
13395.98323,1.752676048,1.29757491,7.453941927,2,4,F,White
11885.42019,1.144234581,1.014782205,13.59197402,3,10,F,Yellow-White
12220.6558,7.594231751,0.582968308,3.986758929,3,4,F,White
11435.80485,5.900581953,1.361300918,11.47991212,2,10,F,Yellow-White
10169.46398,0.1491868778,0.7420250216,8.311610769,3,3,F,Pale Yellow Orange
8378.49289,8.287588629,1.099488296,11.21963619,3,10,F,Yellow-White
11541.87309,4.767258048,1.714571924,11.36740879,3,4,F,White
6408.877651,5.036864368,1.62829302,-0.2142243718,2,8,F,Yellowish White
6694.213851,5.609621911,1.73558393,3.395418893,2,4,F,White
5486.420308,7.03405418,1.812820059,9.11590793,2,3,F,Pale Yellow Orange
14395.1996,7.911970137,1.575436169,6.585175085,2,4,F,White
14452.55721,3.541582518,0.01152849772,14.05056706,2,8,F,Yellowish White
6468.252303,0.7830782228,0.01485747726,10.58416911,2,10,F,Yellow-White
9708.611373,6.788349304,0.1769545937,7.793145763,3,8,F,Yellowish White
11493.93784,3.070954768,0.5097980999,3.638996325,2,8,F,Yellowish White
8037.030264,7.767696018,0.05271807019,2.976896117,2,8,F,Yellowish White
12416.78959,3.438490861,0.8236208637,12.71741062,2,10,F,Yellow-White
10564.16946,7.661004991,0.6641330905,5.92307333,2,10,F,Yellow-White
9334.939761,1.632863196,1.048904214,11.62700306,2,4,F,White
7820.174348,1.198128353,1.788164901,0.539311312,3,8,F,Yellowish White
12409.23865,8.138932747,0.5823613178,12.30071886,2,8,F,Yellowish White
13773.4855,0.407808412,0.6584079358,-0.5531318239,2,4,F,White
12170.68413,6.352185233,1.660050044,12.91196691,3,8,F,Yellowish White
9137.22183,6.787420669,0.6630060732,12.92400348,3,4,F,White
14150.19501,4.043890071,0.2742603439,7.117437849,2,8,F,Yellowish White
7709.191755,3.513559594,0.9844424171,0.8770824704,2,4,F,White
10328.79569,9.061832946,1.654625625,1.766918719,3,3,F,Pale Yellow Orange
14305.24794,3.69073724,0.747217205,9.929362335,3,3,F,Pale Yellow Orange
7825.394764,4.071773742,1.345397926,11.86450824,3,10,F,Yellow-White
7658.798141,1.450540415,1.215174158,-0.4418174722,3,4,F,White
14049.8091,3.015871045,0.8741516756,10.72860808,3,3,F,Pale Yellow Orange
5946.868712,2.905127715,0.9187779562,13.80738315,3,3,F,Pale Yellow Orange
8123.944446,8.274139581,1.833381882,4.317349457,3,8,F,Yellowish White
10879.81589,2.285033896,0.169325496,8.880865311,3,4,F,White
7217.517539,2.873836043,0.5464937416,4.319439795,2,10,F,Yellow-White
11297.65033,3.78208469,0.8676568018,2.364483071,3,10,F,Yellow-White
12830.22827,6.549124129,1.137691404,11.16679969,3,3,F,Pale Yellow Orange
10032.04433,1.328716263,1.694925391,10.19173987,2,3,F,Pale Yellow Orange
11438.46007,8.05973941,0.9100996274,3.328061079,3,10,F,Yellow-White
12807.44742,0.7692653925,0.8492358853,8.018565573,2,4,F,White
7501.18138,4.271118066,1.442400964,5.524539322,2,10,F,Yellow-White
10967.11287,0.2811760377,0.9078134377,0.4424615194,3,4,F,White
6360.745153,6.967124672,1.662638208,-0.6087778286,2,3,F,Pale Yellow Orange
10164.70164,6.47541869,0.9051268967,6.608202672,3,10,F,Yellow-White
13202.5134,1.984301116,0.9658185681,3.319225461,3,8,F,Yellowish White
13984.8923,6.289143949,0.9453132816,4.269248186,2,4,F,White
9999.285831,5.154992713,0.4497478738,3.459551467,2,3,F,Pale Yellow Orange
7918.428105,7.868791795,0.1732726826,1.660454985,2,8,F,Yellowish White
11454.56827,5.166766114,0.1383687361,5.188618206,2,3,F,Pale Yellow Orange
13951.96232,8.341414251,1.715590057,9.798685833,3,8,F,Yellowish White
10108.80573,3.880585201,0.4568537776,2.166800954,3,10,F,Yellow-White
14488.57408,3.312738613,1.664114383,9.314744247,3,10,F,Yellow-White
7160.734982,4.523175417,1.376220052,5.865371081,2,4,F,White
6348.696767,2.367709327,1.685663585,5.714411853,3,4,F,White
8104.645695,8.594821405,1.810896895,1.727449385,3,4,F,White
9039.019627,4.317543191,0.2772742792,2.004975717,2,3,F,Pale Yellow Orange
9268.567605,2.349632297,0.7656336903,8.543709574,2,4,F,White
8237.835573,3.98881614,1.892659641,3.176213892,2,4,F,White
11844.32879,6.498426402,1.247620907,7.667024043,3,4,F,White
6166.535131,3.721599092,1.730994899,13.61691267,2,4,F,White
9092.499855,1.68208618,0.9353231873,10.05858677,2,4,F,White
8084.145344,7.920334324,0.03599392488,9.513943676,3,3,F,Pale Yellow Orange
8190.87762,5.403894591,1.205522972,13.84242998,2,10,F,Yellow-White
6295.652585,3.455653853,0.4528726802,10.99891512,3,3,F,Pale Yellow Orange
10900.98197,2.050736822,1.022162837,8.40938163,2,10,F,Yellow-White
7966.685933,2.025758069,1.401687557,13.66663645,3,3,F,Pale Yellow Orange
6764.050329,4.830688319,1.175814328,-0.05853691561,2,4,F,White
5306.212553,4.009205426,1.139219012,3.171605734,2,4,F,White
7974.871974,6.857082587,0.8415830025,14.26420668,2,3,F,Pale Yellow Orange
10495.24817,0.6517334631,0.4779956623,10.95059401,2,8,F,Yellowish White
13514.34947,7.8378465,0.8329871564,6.364223934,2,4,F,White
5698.534308,6.288917779,0.02847170625,9.539898133,3,4,F,White
13833.33773,1.264095645,1.178514709,5.461641964,2,10,F,Yellow-White
6535.347583,7.940231572,1.849266975,4.893305185,3,8,F,Yellowish White
13163.73144,1.848529666,0.1922804075,2.315027511,3,8,F,Yellowish White
12850.01771,5.617925689,0.0772923195,4.936391932,3,10,F,Yellow-White
13957.44503,5.023202655,1.711448548,-0.5216332392,3,3,F,Pale Yellow Orange
6595.048106,1.501570415,0.4833141176,6.317360456,2,3,F,Pale Yellow Orange
10060.63522,0.05237042793,0.02604653627,4.170608012,2,10,F,Yellow-White
9119.568384,7.136255892,1.574447035,14.09680222,3,10,F,Yellow-White
6937.132628,7.074303712,0.2788306576,7.601602672,2,4,F,White
10725.13183,3.894937824,1.699213821,12.0953912,2,4,F,White
11017.84754,0.525597379,0.1921464362,5.324580989,3,8,F,Yellowish White
7322.652224,5.418192846,0.6862161593,6.15818063,2,10,F,Yellow-White
10204.00103,1.611002079,1.148928384,11.78643884,2,3,F,Pale Yellow Orange
14630.00056,6.739670321,1.133100742,14.33408944,2,8,F,Yellowish White
9920.879812,4.942229469,1.291590084,7.114991181,2,10,F,Yellow-White
11854.04413,2.340904417,1.25383193,13.31799994,3,3,F,Pale Yellow Orange
9180.530676,8.482781557,0.8414566479,10.43788776,2,8,F,Yellowish White
5628.014213,7.013318744,0.2774077569,7.786794368,2,3,F,Pale Yellow Orange
8061.987236,8.205043311,1.453436739,13.98761489,3,3,F,Pale Yellow Orange
12859.19847,0.6364575789,0.4734117734,11.75851604,2,3,F,Pale Yellow Orange
8568.206775,1.697701126,1.258504395,13.84596336,3,10,F,Yellow-White
6085.835992,6.817943089,1.656004161,9.006046711,2,8,F,Yellowish White
10120.75529,6.44463665,0.1710024245,4.88441035,2,4,F,White
8759.972703,7.187202218,1.876381047,6.38307882,2,10,F,Yellow-White
12274.77069,4.642646475,0.069357053,13.1086976,2,4,F,White
10249.34923,3.935891619,1.613798974,-0.7505079284,2,4,F,White
12888.24092,5.653974561,1.614392199,1.44091994,3,10,F,Yellow-White
26143.35952,839171.5226,1122.887856,8.55229476,4,7,B,Blue
12876.59508,144768.3695,631.6814441,6.452574085,3,7,B,Blue
27081.52518,218973.8939,1773.668845,-9.668960914,2,4,B,White
12354.00121,337049.2776,398.8076137,9.974538377,4,6,B,Whitish
12525.70309,62852.63772,1160.713378,11.83936519,3,7,B,Blue
25109.26605,581084.8814,1076.28167,8.271390981,2,7,B,Blue
17607.98186,341796.6979,688.9147697,-8.894507196,4,5,B,Blue White
25424.17914,834839.8768,252.958162,-0.9861527497,2,5,B,Blue White
27716.61169,341623.1211,44.72332844,6.701284949,3,5,B,Blue White
23725.61684,527211.1656,749.1635621,7.294622483,2,4,B,White
27497.77749,131124.8007,327.5212684,-4.613789444,5,4,B,White
15347.5873,323922.2439,1291.156504,-3.558379972,3,7,B,Blue
27375.72888,136870.4189,658.8805083,5.963344559,4,7,B,Blue
33042.89453,643955.8616,1497.136727,1.3544911,2,4,B,White
30549.67352,739939.2093,1306.196853,4.800995847,2,6,B,Whitish
11773.94044,297956.783,1015.858631,-4.326992938,5,4,B,White
18512.80062,582307.7419,314.6320619,-5.725193106,5,5,B,Blue White
18579.23124,249855.7329,1703.186534,9.654694601,4,6,B,Whitish
26174.93477,450727.1436,472.0140737,8.176343713,5,5,B,Blue White
24080.49633,707077.0729,1644.830046,12.1256529,4,6,B,Whitish
28684.20284,507520.119,398.0940703,-7.357058507,4,5,B,Blue White
18542.05269,284820.1509,664.5752759,-5.604897693,2,5,B,Blue White
14654.97002,254167.7197,155.6707869,-7.564324193,5,6,B,Whitish
11784.33046,384441.157,1138.770362,1.643732811,2,6,B,Whitish
28265.01071,359003.6711,321.3243261,-5.345207561,3,7,B,Blue
14646.47224,305456.799,80.15394177,11.21616439,3,7,B,Blue
19037.93273,474247.495,1286.527945,-7.564456957,4,7,B,Blue
22970.27369,630732.8847,618.097053,-8.859017474,4,6,B,Whitish
15206.32571,360438.4522,1175.240182,3.235446822,2,6,B,Whitish
25138.67192,364703.3943,682.9074168,8.307708734,4,7,B,Blue
21351.75296,106069.4192,1116.052558,-2.547572845,5,5,B,Blue White
13351.88488,20754.74249,38.52323837,-5.681382963,4,7,B,Blue
28505.4638,246489.1683,1619.904761,-1.910814664,4,6,B,Whitish
12119.58205,269708.3339,1424.195525,-4.946867335,2,6,B,Whitish
16772.29533,555257.4738,1326.86481,2.124294891,5,5,B,Blue White
15408.82112,812840.5126,1446.529265,11.4630071,5,7,B,Blue
22467.47778,794828.518,681.9071211,4.923737234,5,5,B,Blue White
11900.54449,388937.81,1098.142969,-7.506846241,3,7,B,Blue
19447.83585,204267.1603,1023.808921,-0.6875534782,5,6,B,Whitish
12221.55224,648870.192,942.9659303,-8.612686379,4,7,B,Blue
12400.42929,644987.8659,489.355185,1.915238264,3,7,B,Blue
28565.49077,629121.2795,442.3172308,0.2756680213,5,5,B,Blue White
16712.26615,631703.7512,803.4699789,13.61249744,4,4,B,White
24214.9792,89970.92091,405.1076047,9.229472834,3,6,B,Whitish
32894.36515,578931.061,1431.117452,1.546809859,3,7,B,Blue
20101.2641,393502.801,1754.279563,11.1821336,3,6,B,Whitish
26408.79028,180215.6703,53.3638276,-6.658026761,5,6,B,Whitish
27932.28757,83683.7867,952.9504956,-0.7075841665,3,6,B,Whitish
20105.04794,699560.6297,154.9180428,11.95778622,5,4,B,White
25464.72786,148656.7716,1426.922335,11.72532963,4,5,B,Blue White
12339.60897,138939.5533,1759.688886,6.918939453,2,5,B,Blue White
32156.92435,565702.8616,119.1052313,4.674212132,2,5,B,Blue White
14208.43239,759712.2233,1671.190195,-1.808704427,4,5,B,Blue White
16101.60108,438774.8736,32.34607965,12.16216409,3,6,B,Whitish
28887.81776,596889.3937,1216.55155,-6.959075862,5,5,B,Blue White
21426.8708,130462.7382,1394.269015,7.319896971,5,4,B,White
28193.44625,809885.5043,950.2346465,5.337473082,2,5,B,Blue White
19223.96222,459437.7566,1575.055426,9.737392302,3,6,B,Whitish
16264.178,577379.568,1599.330564,-0.5124878809,2,6,B,Whitish
10595.49295,31057.35936,1113.546179,7.773309475,5,6,B,Whitish
25892.74268,687353.9355,245.2761794,9.786147432,5,6,B,Whitish
20031.02525,635891.8422,387.4756057,-2.299608434,3,5,B,Blue White
20564.3286,102089.2573,324.035844,3.116806309,2,4,B,White
24367.06492,445983.8641,74.40558672,13.17807365,3,5,B,Blue White
11128.64929,276769.6013,190.2567123,3.047202123,4,7,B,Blue
17295.26509,464165.0835,1096.656182,-2.111915522,5,5,B,Blue White
28283.96725,338817.289,1671.657444,4.700944556,5,6,B,Whitish
26449.21339,352588.6248,630.582168,-1.399796021,4,6,B,Whitish
12714.23896,153522.2688,730.5141019,7.93092994,2,5,B,Blue White
12830.14238,216930.6055,1751.157744,-0.1443593534,5,6,B,Whitish
11921.07375,17443.49829,1682.185834,1.70457411,4,6,B,Whitish
9888.07806,784588.5389,1203.753599,6.475098005,4,6,B,Whitish
19875.78071,555265.7599,1758.189823,13.02733767,4,7,B,Blue
25466.53486,792180.6204,1364.194996,-2.174815581,4,5,B,Blue White
27086.28672,138890.6766,598.9935631,9.847021025,3,6,B,Whitish
22475.58351,782398.4311,1178.380166,7.519932397,3,7,B,Blue
12317.07142,674998.3011,434.3763942,12.58989194,5,4,B,White
24893.98128,490450.1788,525.713317,-9.147583623,3,5,B,Blue White
12742.32176,373775.0361,1210.040009,-1.488597996,2,7,B,Blue
12929.99447,218822.2607,939.0434774,5.718750874,2,4,B,White
12071.18793,638718.306,732.229803,-3.265008251,4,4,B,White
13115.75532,194236.4319,1072.096728,-4.469871103,4,6,B,Whitish
13746.44373,54521.79632,1335.177275,6.861299951,4,4,B,White
14419.78658,651785.0332,1038.109015,4.821183654,2,5,B,Blue White
17335.38859,570132.5605,981.642649,4.020645949,5,6,B,Whitish
17310.11743,607515.8145,1038.175629,5.666522866,5,7,B,Blue
14932.39759,545379.3091,910.5317383,-8.779136355,2,4,B,White
15737.5564,355948.0019,146.9401676,-1.679142063,4,7,B,Blue
31174.78385,331921.1282,1280.117626,0.738097479,5,7,B,Blue
26612.51855,693245.7263,1772.161754,-4.221869218,4,4,B,White
23065.49752,269629.5763,630.7219504,6.953610963,4,7,B,Blue
14135.62971,691886.374,1727.869674,10.28021662,2,6,B,Whitish
14799.34176,670254.8252,616.3378362,-3.264863626,2,6,B,Whitish
11560.19074,723929.9938,1577.162483,7.330868057,3,6,B,Whitish
31676.89988,429497.856,808.9067454,-6.652928623,3,6,B,Whitish
26696.50099,539943.4971,735.4920744,9.821555966,4,5,B,Blue White
23114.82465,807708.7343,387.3519207,-6.63315756,2,7,B,Blue
17237.96721,377112.0329,223.5468554,3.964095214,3,5,B,Blue White
13697.19569,50981.18645,549.5648671,-1.269684213,3,7,B,Blue
24671.05909,736234.6976,1291.742085,9.115322468,3,5,B,Blue White
3539.959386,346815.0355,1442.701347,1.737453881,5,1,M,Red
3486.31861,542001.3228,1499.691308,18.63279985,1,9,M,Orange
3542.60275,348853.0117,316.2608856,11.24142013,5,9,M,Orange
2640.504082,330250.5869,1105.403159,6.656916961,1,9,M,Orange
2665.219962,500052.8264,1574.682709,5.357447879,5,1,M,Red
3571.229348,313960.1487,1632.359406,10.64000931,1,1,M,Red
2818.107921,184480.9568,180.626526,-11.75917631,0,9,M,Orange
3020.188877,526426.5371,299.3452112,13.10485461,1,9,M,Orange
3256.606402,241957.7173,1248.994984,17.72096916,4,1,M,Red
3759.938233,330848.4265,82.81501849,-11.65470488,0,9,M,Orange
2974.263096,396144.2989,119.3125443,14.4516144,1,9,M,Orange
3145.312607,373328.088,818.3361141,12.61940106,5,1,M,Red
3020.841267,117017.4557,1421.880919,19.96843791,4,9,M,Orange
3695.877519,44892.8564,1668.050504,-4.639654756,0,9,M,Orange
3575.835755,150963.6744,7.405590471,17.48695975,1,1,M,Red
2260.84538,477135.1126,907.8083587,8.611137791,0,9,M,Orange
2277.63466,307646.3871,1441.043402,-8.551860548,1,1,M,Red
2400.440777,255545.2741,1520.994767,-3.34421398,5,9,M,Orange
3363.621878,236665.4955,1414.280306,12.50772359,5,1,M,Red
2316.359641,425692.256,1470.36124,13.84021478,4,1,M,Red
3801.672269,359656.2318,1248.377351,-8.585989137,5,9,M,Orange
3283.765341,361751.0995,196.6100362,3.102885666,0,9,M,Orange
2271.451496,88561.49764,851.6222214,-4.914400729,0,1,M,Red
3565.473559,237807.2549,282.5029177,17.58819885,5,1,M,Red
3662.33476,277797.3465,1390.459171,-1.676082228,1,9,M,Orange
3761.351537,206432.7546,1552.566267,15.504251,1,1,M,Red
3020.286439,264204.7255,283.5947888,-3.610103568,5,9,M,Orange
3005.656142,188331.7716,1478.499163,16.16045291,0,9,M,Orange
2273.772983,427430.5421,648.9295145,-5.899201614,1,1,M,Red
2912.421819,211169.1244,640.0739005,12.35901892,0,9,M,Orange
2978.354281,391356.0349,454.182269,-10.90657618,4,1,M,Red
2252.200754,264513.3741,1451.976029,8.622006244,4,1,M,Red
2874.927308,401049.1222,1240.548345,6.20853179,0,9,M,Orange
2953.047222,515657.5814,749.3225488,0.1175772635,5,1,M,Red
2315.739568,284489.9215,1187.24236,-5.122702826,4,9,M,Orange
3119.905089,496687.8118,1579.869409,13.41317573,1,9,M,Orange
1988.867671,120005.9533,291.3462776,-7.268717506,0,9,M,Orange
2543.108872,480270.6371,409.2526411,3.722775563,1,1,M,Red
2949.034118,45481.11269,1072.294892,-11.50919301,1,9,M,Orange
2558.236233,255971.8792,1352.819638,-5.952147447,1,1,M,Red
3080.150885,12061.40268,1427.698052,3.597670013,5,9,M,Orange
2624.862519,444554.3025,666.0851306,14.88646993,4,1,M,Red
2194.674606,98565.22555,193.2715589,-7.408998144,4,1,M,Red
3670.676589,90965.73588,134.3624563,11.49629926,1,1,M,Red
3152.858997,99881.90705,603.0987817,10.18031997,5,1,M,Red
3187.377,380290.1099,1386.768737,-10.81692602,1,1,M,Red
3218.750978,117569.9357,359.0868058,3.71365529,1,9,M,Orange
3349.936868,163957.673,1323.422373,19.14506532,1,1,M,Red
3534.926501,422584.3309,1095.313232,-8.323804888,5,9,M,Orange
2918.065333,275632.5521,43.79851726,11.8479765,4,9,M,Orange
2226.791189,500205.6436,1314.615937,8.500553055,1,9,M,Orange
2660.3588,31819.09683,1543.452389,7.081969557,1,1,M,Red
3494.831766,240213.5606,823.6688063,4.025947957,0,1,M,Red
2263.735499,314740.1101,1395.31096,6.239928044,4,1,M,Red
2564.303158,310786.9379,219.8042284,1.719605958,1,9,M,Orange
3770.464415,453099.112,1271.13144,-9.481862634,4,1,M,Red
3466.92447,69354.35524,1548.760863,-2.627038822,5,9,M,Orange
2360.046127,165064.2277,1393.129308,6.031494813,1,9,M,Orange
3833.570068,1167.113796,434.0203562,8.334004317,0,9,M,Orange
2059.784832,523109.0468,356.4302746,17.84621197,1,9,M,Orange
2745.290509,421464.6499,873.8598578,19.34905766,5,9,M,Orange
2705.220798,413217.2892,664.8127803,-8.926782459,5,1,M,Red
2697.555015,76375.66055,801.580357,9.242283522,1,9,M,Orange
2151.09341,192125.7485,1662.801137,7.356677326,0,1,M,Red
2743.068915,83237.30839,1011.315005,3.232695266,5,9,M,Orange
3101.669448,273196.3731,1580.835306,-0.526922167,5,9,M,Orange
3811.376137,444758.7391,820.5388707,3.288998563,0,9,M,Orange
2355.711976,348077.8364,732.7166315,9.539284145,0,9,M,Orange
2609.983643,378620.8238,1292.665731,18.7694534,5,9,M,Orange
2443.528361,351763.6199,1244.837955,-9.071085189,5,1,M,Red
2491.388774,401126.9495,741.0102594,13.59180387,1,1,M,Red
2295.998181,472915.1395,88.72306685,6.973008362,1,9,M,Orange
1982.318987,344825.4587,146.9779394,17.2520522,1,1,M,Red
2790.620925,99325.25521,1335.042022,-8.685884382,0,1,M,Red
2400.698166,315318.6005,1096.808942,-2.540437318,4,9,M,Orange
3585.236802,89961.38613,54.15253779,-10.27020919,1,9,M,Orange
2940.717404,498328.4546,931.9980532,4.202019216,1,9,M,Orange
3671.286144,42538.53195,1204.243973,12.65265655,0,9,M,Orange
3784.597686,186194.0577,184.7633726,-2.870127669,5,9,M,Orange
3048.382192,319339.6511,362.4957116,-4.712979339,4,9,M,Orange
2164.45835,261379.3367,1356.847593,-1.325357229,1,9,M,Orange
3694.779256,442926.2675,232.0304263,2.574978218,0,1,M,Red
3063.797664,291927.9776,1475.424095,11.66156073,5,9,M,Orange
3613.451003,125020.6825,1545.113649,4.386143237,4,1,M,Red
2743.381889,390216.7364,21.39632956,0.3128038555,4,9,M,Orange
3089.752746,81747.90438,631.0229323,17.03735327,5,1,M,Red
2073.096989,361963.8997,280.7963904,18.94894281,5,9,M,Orange
3691.443757,348690.4014,903.8189446,8.171989935,0,9,M,Orange
3155.740494,126118.4384,170.1324589,-7.697643182,4,1,M,Red
2137.026871,100225.4085,65.74970061,7.853290871,4,9,M,Orange
3265.926515,91493.87937,1561.29611,0.328982928,5,9,M,Orange
2689.049203,82283.90051,1625.474839,19.77837605,0,9,M,Orange
2099.894503,111511.0689,603.8690046,-2.747263433,0,1,M,Red
2345.437454,525227.396,1077.775921,10.66400192,5,1,M,Red
2410.473911,8749.586481,113.7289634,5.195884602,0,9,M,Orange
2368.507695,526632.8926,347.881919,-5.741110986,0,1,M,Red
3271.193321,14130.75709,66.31197824,10.12813453,0,9,M,Orange
3368.119149,534110.8647,785.2683775,-10.306449,4,1,M,Red
2976.108171,163677.6223,251.1602615,-6.02179698,0,1,M,Red
2987.851081,288790.1936,1658.456975,-10.45984682,4,1,M,Red
38703.0658,229102.4382,1257.672265,-10.45366974,4,7,O,Blue
39340.54356,685506.7983,741.5959954,-6.420822061,5,7,O,Blue
33888.90771,336710.3314,1582.539696,-10.56504623,3,7,O,Blue
39393.63099,493623.1222,1041.124427,-10.37703339,3,7,O,Blue
37426.51472,231605.3399,687.4412764,-7.459709021,5,7,O,Blue
33682.78283,546656.2449,1830.024991,-10.21318943,5,7,O,Blue
34949.48753,301876.3122,1707.548313,-5.538397371,3,7,O,Blue
36828.17063,584272.5804,1074.785309,-5.542294843,3,7,O,Blue
39702.54785,609641.8183,1215.247328,-6.158591441,5,7,O,Blue
39754.21975,652196.8724,1146.432209,-9.868871933,3,7,O,Blue
34103.29157,437309.9569,409.7271687,-6.565757961,4,7,O,Blue
39794.14947,172522.5554,591.3366012,-7.479504773,3,7,O,Blue
39700.16864,277330.9884,920.8939957,-4.535124885,4,7,O,Blue
36397.62954,771467.9352,453.9056255,-6.634535127,4,7,O,Blue
38601.96328,222023.3296,1646.106729,-5.653857872,3,7,O,Blue
33993.20437,708274.5421,384.5204733,-7.899390847,3,7,O,Blue
35952.32898,500705.8486,445.0365161,-8.038103055,5,7,O,Blue
39410.14868,831251.1031,337.7969238,-5.491966606,3,7,O,Blue
38545.45131,168446.0151,448.4209421,-10.2991156,5,7,O,Blue
39716.44698,431632.3033,852.4784333,-9.977051871,5,7,O,Blue
37590.18489,189007.7795,610.4794606,-9.716441787,5,7,O,Blue
33249.98175,806530.8141,1799.683114,-8.306723041,3,7,O,Blue
38943.90514,115346.1045,841.8128985,-5.452659266,4,7,O,Blue
39537.95273,671517.9018,365.1989004,-5.634198742,4,7,O,Blue
37751.14608,702127.252,1763.753825,-10.44814676,5,7,O,Blue
38304.18091,739234.0625,1909.166025,-8.252809646,4,7,O,Blue
38201.92728,172966.2268,858.6379106,-7.425844618,4,7,O,Blue
35745.58914,400659.8635,222.0597563,-8.139139448,3,7,O,Blue
37588.34523,299637.3454,507.4665105,-6.583547906,5,7,O,Blue
34198.30681,689683.0456,800.0784345,-6.770732632,4,7,O,Blue
37942.32262,423498.9028,1161.681633,-8.947943162,5,7,O,Blue
33222.82992,769525.8104,515.5211759,-8.042900417,3,7,O,Blue
34938.46089,243301.192,1177.116827,-10.73964343,4,7,O,Blue
33323.19973,302476.7855,1387.605095,-4.463267066,3,7,O,Blue
33679.92247,217085.2565,436.9274769,-9.756748704,3,7,O,Blue
38764.2048,210247.2143,234.2929588,-10.15171808,4,7,O,Blue
37863.80036,739665.4842,582.4595715,-8.426784884,3,7,O,Blue
35219.69636,530571.0597,625.388301,-9.556192752,4,7,O,Blue
39651.55434,509022.1599,830.0804032,-7.666824106,5,7,O,Blue
33241.12256,216663.4524,992.6313555,-8.640082681,5,7,O,Blue
36071.21052,727924.2943,172.3311686,-4.673434588,4,7,O,Blue
35670.9092,561149.9312,516.0465326,-4.876248382,4,7,O,Blue
38358.61752,365402.359,1562.018064,-10.49865306,4,7,O,Blue
38566.39931,482587.7243,62.99046396,-6.058679541,3,7,O,Blue
34308.10823,402122.2763,1810.316028,-9.096106117,4,7,O,Blue
36428.35077,166851.142,1424.731613,-8.100025215,3,7,O,Blue
36119.1034,285229.5393,955.2441313,-7.28979656,3,7,O,Blue
37524.19107,201041.4503,1129.884821,-4.731064342,4,7,O,Blue
37965.55382,244789.1473,467.1041175,-8.133018204,3,7,O,Blue
38282.80677,285255.8015,897.4421016,-4.469820017,5,7,O,Blue
34932.17554,413284.3491,1876.808236,-8.886571932,4,7,O,Blue
37757.91874,147852.5842,1068.277516,-6.296880062,3,7,O,Blue
37585.68603,763798.9454,1018.419842,-6.522124242,3,7,O,Blue
34138.28215,794176.032,456.0542083,-7.346460507,4,7,O,Blue
33832.98377,466424.4911,955.8049988,-6.316276229,3,7,O,Blue
36488.54836,465260.9535,1218.325819,-6.520899121,5,7,O,Blue
39718.20771,355847.5981,1325.296833,-9.685701695,3,7,O,Blue
35382.70009,761876.6794,774.4315693,-10.01046669,5,7,O,Blue
37096.87426,378611.6843,719.8956073,-4.365959042,5,7,O,Blue
34566.68358,192293.0598,1925.157889,-9.73113549,4,7,O,Blue
38258.86942,675374.7639,79.53580356,-10.62874668,5,7,O,Blue
34785.66581,393407.8093,1725.466071,-7.203425343,4,7,O,Blue
36541.69936,286511.2595,1780.080214,-5.125505077,3,7,O,Blue
37893.53706,403641.5334,1552.635479,-6.503744027,3,7,O,Blue
39236.32277,181644.2183,197.9622065,-9.605992429,4,7,O,Blue
39715.03998,207290.2601,514.8597112,-8.449420782,3,7,O,Blue
36830.50871,792200.0927,657.5881821,-7.854495927,4,7,O,Blue
33970.3711,802369.2957,1326.44745,-4.478986078,4,7,O,Blue
34045.05804,527324.7644,271.4591062,-9.82649591,3,7,O,Blue
34802.55778,155163.3407,1407.050485,-5.296212218,4,7,O,Blue
38885.02079,281520.9582,213.5966136,-6.661925801,4,7,O,Blue
34779.97525,366995.3211,1276.005709,-8.401756077,5,7,O,Blue
38699.99378,704936.5872,966.0527527,-9.602814455,5,7,O,Blue
34704.67478,123121.9289,1519.360337,-8.064920605,5,7,O,Blue
39504.84536,143064.9918,1395.027061,-7.716497045,5,7,O,Blue
35449.88636,234017.8989,1761.500007,-10.05843675,5,7,O,Blue
34376.16675,580688.6358,1736.642816,-7.019991499,3,7,O,Blue
34757.58701,640334.2948,655.2695333,-9.374303835,4,7,O,Blue
37312.31273,579699.7907,1363.385177,-8.347668074,5,7,O,Blue
36313.02194,437585.8548,390.4357074,-7.06224824,3,7,O,Blue
35461.61655,506963.3946,65.55554999,-9.208296326,5,7,O,Blue
38815.8004,325956.0671,1451.424905,-8.957944495,4,7,O,Blue
37096.84864,649699.4838,977.4120758,-6.841251069,4,7,O,Blue
36848.06526,248433.457,938.3720176,-9.120979704,5,7,O,Blue
39420.35565,607880.7075,1763.445528,-5.498041792,5,7,O,Blue
35000.87313,244502.7619,1190.758426,-4.47234117,4,7,O,Blue
38300.4016,378061.355,1205.907575,-6.107987826,4,7,O,Blue
38276.10366,563722.8768,1675.499991,-8.611677013,3,7,O,Blue
35663.12093,675356.9777,1570.709306,-7.05523072,5,7,O,Blue
36974.75149,170576.2124,1126.381861,-10.14165678,4,7,O,Blue
33530.98003,783055.7053,361.5205442,-4.967123184,5,7,O,Blue
33377.65083,672097.1339,472.2480666,-5.139843865,5,7,O,Blue
36715.58287,463484.0038,1728.076327,-5.540911575,4,7,O,Blue
38454.17061,426708.207,61.92974539,-9.150482566,3,7,O,Blue
39538.07479,434596.632,957.7543406,-6.988571496,4,7,O,Blue
33909.34346,333197.1855,332.3956818,-10.6941184,5,7,O,Blue
36981.76563,479164.6065,1907.092215,-8.084319605,4,7,O,Blue
36285.73449,480798.5217,1390.477103,-8.813581613,3,7,O,Blue
33083.31449,702361.5458,978.2845181,-9.793578857,5,7,O,Blue
35359.85851,685901.6659,921.2145196,-9.68159511,3,7,O,Blue
4431.426998,344595.603,1409.691552,4.042422529,3,1,K,Red
4365.017399,253871.0934,924.6081416,4.652062152,3,2,K,Orange-Red
5096.69802,67435.3738,1077.316842,-8.0074671,3,11,K,Yellowish
4802.844453,456224.7108,1141.00116,0.4342372001,5,2,K,Orange-Red
4468.262144,386619.9121,591.2357363,5.454268864,3,2,K,Orange-Red
4123.19737,493269.9797,386.4018671,6.071254721,5,2,K,Orange-Red
4820.81136,356971.0038,57.15521322,-9.458390712,3,9,K,Orange
4714.125001,511131.086,724.6561514,-8.188419415,5,1,K,Red
4096.004539,363368.8279,989.8231193,1.97028434,5,1,K,Red
4147.197459,594738.3969,428.5131075,-10.50471132,3,2,K,Orange-Red
5091.811041,549014.8648,794.7819363,-10.11428575,3,9,K,Orange
4559.988966,319789.4329,377.4523186,-2.636609702,5,2,K,Orange-Red
4039.587779,496958.6119,456.9360206,3.819699825,5,2,K,Orange-Red
4074.053209,298009.3486,998.1051321,6.45305368,3,2,K,Orange-Red
4169.538556,522145.0846,1367.483673,-11.31138981,5,9,K,Orange
4995.14132,203163.4581,1321.04774,-1.679496823,3,1,K,Red
4526.00462,614972.3192,322.6378453,4.024686965,5,2,K,Orange-Red
4630.259842,175273.0167,612.6877807,4.879951982,3,2,K,Orange-Red
4557.418613,45883.48584,1362.101691,3.738393663,5,11,K,Yellowish
4089.360681,473270.8928,394.1050305,4.338309143,3,1,K,Red
4999.718257,523648.8453,1483.100054,1.963677325,5,2,K,Orange-Red
4331.556144,581073.0054,950.0901494,-9.287410052,3,1,K,Red
4310.144356,206025.362,254.303956,-2.280537692,5,9,K,Orange
4666.83101,506563.6521,1267.527482,-8.368586752,3,2,K,Orange-Red
4537.039289,339097.7492,1006.106941,3.483571461,5,11,K,Yellowish
4419.037209,291875.8194,838.6188341,5.217682292,3,2,K,Orange-Red
4734.205366,517072.6733,386.134314,-8.356906661,3,9,K,Orange
5044.205845,599701.103,62.36296958,4.42536308,5,9,K,Orange
4695.606429,48051.99886,358.6073494,-4.448805638,5,2,K,Orange-Red
4325.275581,446462.7952,554.4551594,-4.54353694,3,11,K,Yellowish
4240.083833,148003.7246,972.011427,-6.532078473,3,9,K,Orange
4496.730088,251304.2525,1512.685532,4.141636724,5,9,K,Orange
4044.893491,168918.4512,318.4086057,1.879927974,5,11,K,Yellowish
4976.174217,524483.4037,1161.559885,-3.374869622,5,11,K,Yellowish
4684.271194,627085.5009,1359.717689,1.309697,3,9,K,Orange
4238.340841,409343.1489,724.8201817,5.509752639,3,9,K,Orange
4585.348757,443490.3087,244.4420127,-8.273986536,5,2,K,Orange-Red
4074.045259,587351.0205,1244.102803,-7.012704902,3,2,K,Orange-Red
4960.819612,433221.1318,731.379069,0.08006761018,3,2,K,Orange-Red
4500.899329,358063.0055,179.0876259,3.080929477,5,11,K,Yellowish
4616.166046,239933.9961,1343.454222,3.881927531,5,1,K,Red
4636.846332,399785.1065,974.6659329,-4.265286591,3,2,K,Orange-Red
4761.393305,228834.0854,149.9472508,-9.323122799,3,2,K,Orange-Red
4422.4023,256800.3007,1393.618917,-9.953292087,3,11,K,Yellowish
4100.816894,232280.8795,54.48173926,-4.939071471,5,9,K,Orange
4515.616744,295091.2642,61.73942976,3.444093716,3,1,K,Red
4067.484649,317150.7635,1516.472234,-7.549344696,5,2,K,Orange-Red
4824.86792,573637.5505,1052.852058,2.766457637,3,11,K,Yellowish
4056.687684,130051.6114,578.3367538,0.3263020705,5,9,K,Orange
5061.806024,213320.3716,774.027466,-10.92208317,3,1,K,Red
4829.382451,361699.1781,1171.390393,2.672252412,5,1,K,Red
5043.382175,306767.4805,75.7300828,5.120188258,3,9,K,Orange
4578.160293,165198.0237,1113.790913,-2.579564208,5,9,K,Orange
4279.272565,365143.9174,1076.074686,3.53547258,3,11,K,Yellowish
4300.181911,553346.4607,704.3687086,-9.039294447,3,1,K,Red
4847.594655,38398.71992,893.5723126,2.207085,5,1,K,Red
5104.697012,277752.223,520.6891788,5.176974689,5,9,K,Orange
4406.306208,53082.61868,262.3987374,3.512134752,3,11,K,Yellowish
4840.885052,354839.7348,612.8403228,-6.747756825,3,11,K,Yellowish
4135.723201,339765.7047,1411.001994,-7.577762451,5,9,K,Orange
4669.958617,483876.4969,347.3689947,-2.042654667,5,11,K,Yellowish
4487.362935,146846.9367,554.2922716,-4.278897324,3,11,K,Yellowish
4816.597665,370037.9328,498.4151008,-2.815851331,5,11,K,Yellowish
4301.510259,289153.5821,128.9435146,6.396899534,3,1,K,Red
4119.004027,542418.3706,786.8163595,-0.5722535196,5,11,K,Yellowish
4509.706948,416326.7683,1277.747514,5.520085135,5,1,K,Red
4717.161738,222943.9296,1387.752939,-2.613046118,5,1,K,Red
4159.846583,218727.4232,1110.215871,-3.552508366,5,1,K,Red
4511.746206,159842.4679,588.0061128,2.437444123,5,9,K,Orange
4730.46296,600092.7356,457.7162403,1.925815288,5,11,K,Yellowish
4922.21717,187866.6832,1061.330738,-3.463788808,3,2,K,Orange-Red
4352.960369,99795.90054,1350.715962,-10.44151106,3,11,K,Yellowish
4456.392846,227617.2,1418.317088,-9.818340277,5,11,K,Yellowish
4985.001754,467226.3505,125.3721615,2.890756699,5,9,K,Orange
4783.535723,444717.0313,740.8316793,0.3423021465,5,11,K,Yellowish
4280.333908,441562.0943,197.4516248,-10.81132294,5,1,K,Red
4848.535502,3922.33054,388.5596539,-1.420732016,3,9,K,Orange
4334.145534,235837.782,1356.089245,1.491568626,5,2,K,Orange-Red
4319.350275,567942.2485,301.7277447,-9.414137556,5,11,K,Yellowish
4021.70026,200557.2996,186.8550302,-7.512878554,3,2,K,Orange-Red
4426.058122,376162.2759,834.3908824,3.124017779,5,9,K,Orange
4494.31526,187611.0246,483.1731043,-8.908506944,5,1,K,Red
4348.81542,78759.13458,586.5420412,4.392468096,5,1,K,Red
4334.073783,244664.1232,1214.386956,5.13795928,3,1,K,Red
4281.040391,515143.2942,1287.429174,-11.16172645,3,1,K,Red
5042.54192,618140.6953,1043.736828,-4.640358008,5,1,K,Red
4958.628694,543053.608,640.0219062,-8.386842014,3,11,K,Yellowish
4450.759402,52807.2336,986.4768673,-1.722172847,5,1,K,Red
4540.922757,212758.6102,329.0257519,-9.570649065,5,9,K,Orange
4634.800714,148761.4397,947.1976858,-10.68726442,3,2,K,Orange-Red
4552.11247,200217.4524,1036.001441,5.311068184,5,9,K,Orange
4310.983361,620202.4968,922.2872117,5.997608336,3,9,K,Orange
5100.744936,345398.0999,531.7584631,-4.930832153,5,2,K,Orange-Red
4216.492239,472028.3147,559.4969998,0.1386999058,5,1,K,Red
4960.237427,530366.6063,263.7106444,-10.17401508,5,1,K,Red
4050.797932,105140.5862,1220.247333,-7.669206912,5,11,K,Yellowish
4379.157947,568951.5021,756.1543733,-10.68124956,3,2,K,Orange-Red
4836.375454,66228.27659,544.5045337,-2.990345731,5,1,K,Red
4721.870005,469408.6724,1189.122707,-8.703869051,5,2,K,Orange-Red
4200.654045,459504.3438,363.8653142,6.350428662,3,9,K,Orange
5059.568995,452005.8733,1296.097868,-3.747292224,5,9,K,Orange
4610.967448,84062.08733,1252.698234,5.707339155,5,2,K,Orange-Red
4290.800583,280847.1168,1298.236559,1.571124912,3,9,K,Orange
4649.693824,320535.9974,568.3673307,-0.9943619155,3,11,K,Yellowish
5019.277829,334208.9231,588.3644339,-1.721544489,5,11,K,Yellowish
4997.469389,541621.7494,1321.397742,1.234575564,5,9,K,Orange
4544.309759,426966.7211,712.0628941,-11.3000031,3,11,K,Yellowish
4500.685756,507678.1195,875.5623835,2.613902378,5,9,K,Orange
4356.995183,334683.0476,1066.842876,5.197078925,3,9,K,Orange
4075.679208,602214.3821,1474.078168,-11.24154092,3,9,K,Orange
4841.909575,42006.55443,838.4047914,3.36754882,3,2,K,Orange-Red
4159.746385,341156.3963,976.7973853,2.342242694,5,9,K,Orange
4405.446565,177446.0775,876.090219,6.454761879,5,2,K,Orange-Red
4449.270448,302967.256,1422.247979,-7.315920622,3,11,K,Yellowish
4986.416787,431464.209,1325.12469,5.066127322,3,2,K,Orange-Red
4038.299785,131202.8522,261.1933886,0.09921957162,3,2,K,Orange-Red
4940.956549,383141.4561,274.777245,-9.505190005,3,1,K,Red
4331.013496,205491.0459,374.137114,-6.590992288,5,2,K,Orange-Red
4289.626142,554933.7476,1153.426866,2.27974801,5,1,K,Red
4550.75246,84038.68008,306.1088196,3.025409744,3,9,K,Orange
4814.752619,64516.98392,1507.844307,-9.524288355,3,2,K,Orange-Red
4237.269857,604243.6524,1088.816607,-2.983196939,5,1,K,Red
4252.254997,96328.3318,269.7745755,-7.469668401,5,2,K,Orange-Red
5086.038963,96099.06312,1316.740853,5.122780695,3,9,K,Orange
4665.779664,97998.20225,1395.109233,-5.657506177,5,9,K,Orange
4348.930725,56428.80123,1475.221643,3.956604002,3,9,K,Orange
5076.570063,286287.5201,875.6413193,-6.739784036,5,2,K,Orange-Red
4997.878904,421404.3146,863.8042504,4.323814423,5,11,K,Yellowish
4223.457948,523720.074,271.6528423,-8.020762729,5,11,K,Yellowish
4016.973858,497848.1541,788.3703038,2.196532913,3,2,K,Orange-Red
4795.804848,449007.9026,841.7148839,-10.82288829,3,11,K,Yellowish
4966.896287,297736.473,254.1992014,0.1053015552,3,11,K,Yellowish
4144.783777,446410.5608,758.0342761,-1.245278145,3,2,K,Orange-Red
4057.808205,603577.4766,821.2394701,-4.653774775,5,11,K,Yellowish
4671.219394,318638.6463,305.6071315,-7.586234202,3,1,K,Red
4677.931916,192183.5217,956.2406922,2.7864388,5,9,K,Orange
4581.526354,497581.0637,41.14189313,-8.78714348,3,11,K,Yellowish
4023.235622,148923.852,489.5668957,-2.636306708,3,2,K,Orange-Red
4770.7599,147610.85,817.9925512,-11.16011251,5,11,K,Yellowish
5052.784352,292760.6666,501.8061282,-8.050391204,5,9,K,Orange
4973.269493,390213.7171,924.0763945,-2.706315742,3,11,K,Yellowish
4139.264268,387657.5548,555.7120674,3.610893869,5,9,K,Orange
4403.962567,77253.13256,207.6559946,-8.86564449,3,11,K,Yellowish
4280.404703,77989.99732,1401.858433,1.713755207,5,11,K,Yellowish
4629.685641,179209.2253,982.9030121,0.9773335284,5,2,K,Orange-Red
4687.161637,463511.6908,1010.830809,-10.77272008,3,2,K,Orange-Red
4344.987572,259124.1549,1036.214841,-2.64141041,5,11,K,Yellowish
4890.56146,522258.6069,1142.35461,5.99400278,3,11,K,Yellowish
4887.818865,589121.8986,1292.025866,-9.377570115,5,2,K,Orange-Red
4871.858216,251412.0457,792.9363528,1.910553703,3,2,K,Orange-Red
4400.15498,32893.25004,233.6408524,0.03733638149,5,9,K,Orange
4074.564197,359847.2809,584.4313687,-0.7565025895,5,2,K,Orange-Red
4792.448965,471032.1061,1259.586051,-2.466651512,3,11,K,Yellowish
5104.2425,201753.4994,263.5317232,-1.227708809,5,1,K,Red
4193.236704,310548.6638,506.7147513,-3.757279918,5,11,K,Yellowish
4139.582274,139641.3015,1482.594683,-10.02561894,5,2,K,Orange-Red
5016.424342,591742.463,1237.00684,-6.18966125,3,1,K,Red
4543.377707,303852.3763,341.4546452,-1.344347993,3,11,K,Yellowish
4949.431129,340197.5738,1533.652151,-0.05586425091,3,11,K,Yellowish
4903.475442,139266.039,98.51948965,5.267164774,3,11,K,Yellowish
4219.87522,60445.42799,653.1478441,6.108156846,3,2,K,Orange-Red
4286.178243,37904.29226,620.7282765,-9.714996213,3,1,K,Red
4074.445159,516290.6066,614.526051,0.4524085653,5,9,K,Orange
4683.030718,486031.3514,172.3953572,-0.6027761908,3,9,K,Orange
4867.623975,123288.3789,651.3503991,-2.91055552,3,1,K,Red
4575.637306,563924.4463,941.486615,-5.014436495,5,1,K,Red
4045.441847,431109.119,1515.695504,-2.879048209,3,11,K,Yellowish
5101.452654,413813.3124,337.9479736,0.6186100392,5,9,K,Orange
4564.531096,623940.1578,543.6738791,5.783810445,3,2,K,Orange-Red
4379.201243,21225.9118,408.9983804,-9.795747984,5,2,K,Orange-Red
4205.749805,267279.6093,447.7212432,2.886399061,5,9,K,Orange
4701.323125,308689.7572,289.634787,-0.8174772471,5,9,K,Orange
4645.922912,367607.8518,35.84348924,4.934673114,3,1,K,Red
4838.830967,52460.0189,689.8237388,-9.580189709,3,9,K,Orange
4183.410123,415897.4458,374.3453627,-6.141199069,5,9,K,Orange
4406.395555,32952.36964,1332.730882,-10.46677748,3,1,K,Red
4172.914028,350803.2742,811.2636717,-2.36812208,3,9,K,Orange
4948.116598,448575.9314,1402.35161,2.360852456,5,9,K,Orange
4385.643105,307383.7374,1494.029617,-6.325693707,5,11,K,Yellowish
4316.890553,389088.4394,898.373007,-7.356953041,5,2,K,Orange-Red
4021.594038,134679.9389,183.2086516,-5.461240556,3,2,K,Orange-Red
4894.69743,406764.9872,1421.359398,-3.278613815,5,9,K,Orange
4560.656888,239804.6962,910.8453442,1.806235485,3,2,K,Orange-Red
4605.013597,65339.1655,1355.558404,-2.265086323,3,1,K,Red
4970.39104,237832.3097,651.6036199,-4.544526023,3,11,K,Yellowish
4807.959395,165602.3714,931.8450603,4.814527649,5,1,K,Red
4747.890267,152010.0005,109.2900785,5.884252676,3,11,K,Yellowish
4211.174088,392442.1838,1418.660715,-0.1465274587,3,9,K,Orange
4618.893404,329444.5307,985.2343712,-9.027170181,3,11,K,Yellowish
5067.982961,260339.8302,161.0144133,-0.324871375,5,2,K,Orange-Red
4668.835774,137209.0489,1074.383584,-4.535472218,3,2,K,Orange-Red
4902.002068,540888.7908,607.644176,6.348403306,3,9,K,Orange
5095.031993,542435.2114,130.9713884,-6.256938912,3,11,K,Yellowish
4986.859119,178881.6382,329.6350721,1.248001824,5,11,K,Yellowish
4249.579192,387697.5275,382.2547137,-1.811955258,5,11,K,Yellowish
4052.989177,491078.4049,348.3007236,-7.932295253,3,1,K,Red
4509.882799,601553.81,1078.644847,0.9481305661,3,1,K,Red
4030.132629,579350.052,1157.065514,-10.48705726,5,9,K,Orange
4534.660692,242433.9455,839.8976035,-8.089367065,5,11,K,Yellowish
5058.463209,102465.1715,849.3985469,-10.57289864,5,1,K,Red
4288.10065,501953.4117,967.5923571,4.448702721,3,11,K,Yellowish
4438.905812,71704.8985,1511.702524,3.638960328,3,11,K,Yellowish
4488.282414,100059.3797,973.2735122,-9.275493733,3,11,K,Yellowish
4926.482474,224171.768,921.4165474,-4.045215778,3,2,K,Orange-Red
4919.637561,534087.9085,1394.764989,-9.238389154,5,11,K,Yellowish
4511.939478,367152.1896,876.0045813,-1.151832222,3,1,K,Red
4432.474506,369291.9643,515.0625004,5.600285849,3,9,K,Orange
5030.677791,583277.9393,1468.285543,-6.80173118,3,11,K,Yellowish
4827.705459,362299.3448,675.2873307,6.324631827,5,1,K,Red
4824.183482,6285.842977,923.0831121,-5.129835297,3,1,K,Red
5053.766851,509907.7063,1105.104854,-7.658283597,3,2,K,Orange-Red
4574.579377,383549.2998,1041.501347,0.5256428562,5,1,K,Red
4883.691466,302345.6628,326.9981781,6.028976871,5,2,K,Orange-Red
4511.034332,169117.3619,125.9403667,-0.2461639937,5,11,K,Yellowish
4946.570982,162600.785,421.6282006,-10.25292587,5,2,K,Orange-Red
4443.30262,303036.0517,1330.878528,-4.705673393,5,2,K,Orange-Red
4824.999033,143225.2006,858.4040525,-8.414762522,5,11,K,Yellowish
5086.153097,30619.52876,713.1646217,-7.251047514,5,1,K,Red
4589.059067,106622.4138,660.5344926,-10.4556743,3,9,K,Orange
4486.617086,162821.2369,1187.474083,4.747831044,5,9,K,Orange
4242.252417,124683.4044,1003.38906,2.806748261,5,1,K,Red
4369.771313,381586.664,1009.228808,-4.714535643,3,2,K,Orange-Red
4136.62463,518933.3116,247.673056,3.500451007,5,11,K,Yellowish
4426.60543,510687.4426,663.717313,2.100623225,5,11,K,Yellowish
4376.904665,505409.3369,775.19551,-0.2611380114,3,11,K,Yellowish
4390.289374,446111.4519,576.2563298,-4.337308436,3,9,K,Orange
4911.37938,541408.0602,737.304102,-4.960361602,3,1,K,Red
4598.25879,492083.2649,525.7972068,-9.79989636,3,9,K,Orange
4586.670887,128392.0838,1192.319808,-5.275348343,5,1,K,Red
4864.417751,625806.248,589.4596495,-1.570991049,5,2,K,Orange-Red
4146.92826,58983.52982,1091.756872,-3.148042636,5,2,K,Orange-Red
4701.118817,409889.7124,738.1645049,0.161015675,5,2,K,Orange-Red
4395.273608,135561.2782,1118.777762,-2.200031025,3,2,K,Orange-Red
4382.077466,153640.1186,1438.265513,3.184976081,3,9,K,Orange
4645.35437,214003.3733,793.8520363,-9.650809346,5,9,K,Orange
4962.739592,124653.3427,1385.384521,-3.091382119,3,1,K,Red
4232.82369,319305.0692,335.3290499,-0.834626206,5,2,K,Orange-Red
4752.678707,598977.5333,1339.619258,-8.040368626,5,2,K,Orange-Red
5004.309014,248602.599,127.5802167,-0.4496356958,3,11,K,Yellowish
4233.475428,368212.8847,714.3538453,-10.4604463,5,1,K,Red
4342.217712,382118.4984,34.41791398,-1.08679053,3,2,K,Orange-Red
4559.682736,450225.0305,1240.054781,3.684600784,3,9,K,Orange
4991.224942,252967.9538,275.5599027,-2.446903976,5,1,K,Red
4565.051805,540975.3558,254.3752198,-3.53321061,3,11,K,Yellowish
4318.863777,579905.5455,279.2303439,-8.722474438,5,2,K,Orange-Red
4600.752122,473028.5216,1060.908996,-10.88391095,3,2,K,Orange-Red
4644.951761,179922.835,328.5382965,2.151362526,3,2,K,Orange-Red
4467.846429,501993.9636,457.8508615,2.857117198,5,9,K,Orange
4031.195738,89942.54585,1178.810289,-6.136529082,5,1,K,Red
4785.932989,317866.6622,769.1608309,-9.328260073,5,11,K,Yellowish
4570.901625,384733.4425,1395.190989,-4.677360172,3,9,K,Orange
4433.24891,443391.9684,89.49536028,3.443882462,3,9,K,Orange
4086.229894,241504.209,670.4252401,3.674433711,5,11,K,Yellowish
4408.362217,459070.5881,878.1788372,0.5151073291,5,2,K,Orange-Red
4271.973613,558989.358,867.1587947,5.792665008,3,11,K,Yellowish
4238.243946,35184.52265,1263.87468,5.488037799,3,11,K,Yellowish
4907.716203,87076.36907,194.1303528,-9.373129884,5,1,K,Red
4446.597749,543730.9482,460.9355439,0.2117521913,3,2,K,Orange-Red
4073.771962,265700.3332,4.048499084,-2.785530691,3,9,K,Orange
4426.431581,259127.98,1459.037557,-10.1995457,3,9,K,Orange
4865.168613,604259.048,1175.689015,4.676513852,3,2,K,Orange-Red
4196.33149,472654.5558,1152.698298,-2.491569613,5,11,K,Yellowish
5015.70413,618028.1836,213.7032626,2.413246163,3,2,K,Orange-Red
4365.168743,147115.0227,536.3734694,-10.30975754,3,9,K,Orange
4376.768296,60622.93638,232.8311041,-6.693061208,3,9,K,Orange
4239.04653,242286.8378,762.3696275,0.2615374223,3,2,K,Orange-Red
4856.634566,315171.7496,1240.624677,-8.999024419,5,11,K,Yellowish
4091.760544,359261.2339,971.1125984,0.03741450622,5,1,K,Red
5057.187241,615277.9079,1056.255618,-4.501058372,5,11,K,Yellowish
4188.556134,310498.8071,981.3872559,2.312933657,5,1,K,Red
4329.231115,252556.2568,1118.994717,0.2945790479,5,11,K,Yellowish
4768.780639,626843.8654,1319.114739,-4.562871688,5,2,K,Orange-Red
4169.841357,164428.8081,962.0461225,-6.020867443,3,9,K,Orange
4576.759056,419154.5962,277.6785959,-5.302862515,5,1,K,Red
4806.295639,607481.6712,879.7914634,5.055109301,3,1,K,Red
5033.943114,422825.1809,251.5754488,-3.224649109,5,9,K,Orange
4818.117923,188480.2191,1389.958051,-3.471074536,3,11,K,Yellowish
4837.583279,334609.7517,119.3773449,-3.261890572,3,2,K,Orange-Red
4461.829605,921.8852343,519.8380183,5.526766836,3,2,K,Orange-Red
4277.72239,556786.9598,891.0007268,-7.468647225,3,2,K,Orange-Red
4586.372971,254761.8807,729.4279196,4.401480436,5,11,K,Yellowish
4255.327864,189759.5789,1235.516396,-11.03430943,3,9,K,Orange
4939.099531,598866.4068,814.5866996,-5.27377565,5,2,K,Orange-Red
4742.237401,290208.4076,349.308337,2.318827168,5,1,K,Red
4910.410108,181217.9925,1088.580911,-5.255184958,5,1,K,Red
4885.883727,53314.86011,228.6791737,-0.3158405913,5,2,K,Orange-Red
4529.608408,366774.2767,1009.82202,-3.282733283,5,9,K,Orange
4354.548902,96433.35138,972.8202123,-11.20813006,5,9,K,Orange
4769.274435,46049.49167,352.3684913,-0.6688434269,5,2,K,Orange-Red
5097.576889,365755.8451,280.1879042,-0.6243328378,3,1,K,Red
4859.617462,180819.3546,255.8474966,0.2319747024,3,2,K,Orange-Red
4925.050189,228009.7074,230.1733409,-5.256671559,5,1,K,Red
4789.574988,456639.5805,311.648324,-2.561916522,5,2,K,Orange-Red
4668.084051,540736.3693,1464.942763,1.168946524,3,1,K,Red
4840.90291,219186.938,25.1857446,4.498115355,3,11,K,Yellowish
4559.904258,605899.7346,1468.860789,-10.40468479,3,2,K,Orange-Red
4964.050521,600748.5064,40.18654039,-9.629714533,5,2,K,Orange-Red
4089.62638,129803.6149,1489.706724,0.2385127288,3,1,K,Red
5077.494896,483994.2809,457.0701796,2.28381267,5,11,K,Yellowish
4123.335674,387785.117,805.8396704,6.290513219,3,9,K,Orange